Product ID,TCGplayer Id,Product Line,Set Name,Product Name,Title,Number,Rarity,Condition,Printing,TCG Market Price,TCG Direct Low,TCG Low Price With Shipping,TCG Low Price,Total Quantity,Add to Quantity,TCG Marketplace Price,Photo URL
662425,9002311,Magic: The Gathering,Avatar: The Last Airbender: Eternal-Legal,"Iroh, Dragon of the West",,119,Rare,Near Mint,Normal,2.94,,,,,1,,https://tcgplayer-cdn.tcgplayer.com/product/662425_in_200x200.jpg
662392,9000796,Magic: The Gathering,Avatar: The Last Airbender: Eternal-Legal,Overwhelming Victory,,123,Rare,Near Mint,Normal,0.39,,,,,1,,https://tcgplayer-cdn.tcgplayer.com/product/662392_in_200x200.jpg
662310,8997077,Magic: The Gathering,Avatar: The Last Airbender: Eternal-Legal,"Zuko, Avatar Hunter (0287)",,287,Rare,Near Mint,Normal,0.57,,,,,1,,https://tcgplayer-cdn.tcgplayer.com/product/662310_in_200x200.jpg
660555,8976707,Magic: The Gathering,Avatar: The Last Airbender,Ran and Shaw (Borderless),,325,Rare,Near Mint,Normal,1.32,,,,,1,,https://tcgplayer-cdn.tcgplayer.com/product/660555_in_200x200.jpg
662079,8994548,Magic: The Gathering,Avatar: The Last Airbender,Iroh's Demonstration,,141,Uncommon,Near Mint,Normal,0.28,,,,,2,,https://tcgplayer-cdn.tcgplayer.com/product/662079_in_200x200.jpg
662416,9001891,Magic: The Gathering,Avatar: The Last Airbender: Eternal-Legal,Frantic Confrontation,,117,Uncommon,Near Mint,Normal,0.22,,,,,1,,https://tcgplayer-cdn.tcgplayer.com/product/662416_in_200x200.jpg
660551,8976590,Magic: The Gathering,Avatar: The Last Airbender,The Legend of Roku (Borderless),,357,Mythic,Near Mint,Foil,15.63,,,,,1,,https://tcgplayer-cdn.tcgplayer.com/product/660551_in_200x200.jpg
649566,8893337,Magic: The Gathering,Avatar: The Last Airbender,Lightning Strike,,146,Common,Near Mint,Normal,0.20,,,,,5,,https://tcgplayer-cdn.tcgplayer.com/product/649566_in_200x200.jpg
662751,9008325,Magic: The Gathering,Avatar: The Last Airbender,"Lo and Li, Twin Tutors",,108,Uncommon,Near Mint,Normal,0.20,,,,,2,,https://tcgplayer-cdn.tcgplayer.com/product/662751_in_200x200.jpg
662749,9008264,Magic: The Gathering,Avatar: The Last Airbender,"Koh, the Face Stealer",,107,Mythic,Near Mint,Normal,0.40,,,,,1,,https://tcgplayer-cdn.tcgplayer.com/product/662749_in_200x200.jpg
662353,8998896,Magic: The Gathering,Avatar: The Last Airbender,Rockalanche,,192,Uncommon,Near Mint,Foil,0.32,,,,,1,,https://tcgplayer-cdn.tcgplayer.com/product/662353_in_200x200.jpg
662334,8998245,Magic: The Gathering,Avatar: The Last Airbender,"Joo Dee, One of Many",,105,Uncommon,Near Mint,Normal,0.20,,,,,1,,https://tcgplayer-cdn.tcgplayer.com/product/662334_in_200x200.jpg
662331,8998124,Magic: The Gathering,Avatar: The Last Airbender,"Professor Zei, Anthropologist",,238,Uncommon,Near Mint,Normal,0.17,,,,,1,,https://tcgplayer-cdn.tcgplayer.com/product/662331_in_200x200.jpg
662105,8995313,Magic: The Gathering,Avatar: The Last Airbender,Combustion Man,,127,Uncommon,Near Mint,Normal,0.23,,,,,2,,https://tcgplayer-cdn.tcgplayer.com/product/662105_in_200x200.jpg
662080,8994608,Magic: The Gathering,Avatar: The Last Airbender,"The Boulder, Ready to Rumble",,168,Uncommon,Near Mint,Normal,0.26,,,,,2,,https://tcgplayer-cdn.tcgplayer.com/product/662080_in_200x200.jpg
662047,8993633,Magic: The Gathering,Avatar: The Last Airbender,"Bumi, King of Three Trials",,169,Uncommon,Near Mint,Normal,0.15,,,,,2,,https://tcgplayer-cdn.tcgplayer.com/product/662047_in_200x200.jpg
662029,8992908,Magic: The Gathering,Avatar: The Last Airbender,Bitter Work,,210,Uncommon,Near Mint,Normal,0.27,,,,,2,,https://tcgplayer-cdn.tcgplayer.com/product/662029_in_200x200.jpg
661981,8992171,Magic: The Gathering,Avatar: The Last Airbender,Beifong's Bounty Hunters,,209,Rare,Near Mint,Normal,0.33,,,,,1,,https://tcgplayer-cdn.tcgplayer.com/product/661981_in_200x200.jpg
661961,8991106,Magic: The Gathering,Avatar: The Last Airbender,"Mai, Scornful Striker",,109,Rare,Near Mint,Normal,0.83,,,,,1,,https://tcgplayer-cdn.tcgplayer.com/product/661961_in_200x200.jpg
661957,8990866,Magic: The Gathering,Avatar: The Last Airbender,"Jeong Jeong, the Deserter",,142,Uncommon,Near Mint,Normal,0.16,,,,,1,,https://tcgplayer-cdn.tcgplayer.com/product/661957_in_200x200.jpg
661932,8989984,Magic: The Gathering,Avatar: The Last Airbender,"Mai, Jaded Edge",,147,Uncommon,Near Mint,Normal,0.16,,,,,1,,https://tcgplayer-cdn.tcgplayer.com/product/661932_in_200x200.jpg
661921,8989619,Magic: The Gathering,Avatar: The Last Airbender,"Appa, Loyal Sky Bison",,9,Uncommon,Near Mint,Normal,0.26,,,,,2,,https://tcgplayer-cdn.tcgplayer.com/product/661921_in_200x200.jpg
661885,8988981,Magic: The Gathering,Avatar: The Last Airbender,"Jet, Freedom Fighter",,229,Uncommon,Near Mint,Normal,0.14,,,,,2,,https://tcgplayer-cdn.tcgplayer.com/product/661885_in_200x200.jpg
661851,8988771,Magic: The Gathering,Avatar: The Last Airbender,"June, Bounty Hunter",,106,Uncommon,Near Mint,Normal,0.20,,,,,1,,https://tcgplayer-cdn.tcgplayer.com/product/661851_in_200x200.jpg
661801,8988136,Magic: The Gathering,Avatar: The Last Airbender,Origin of Metalbending,,187,Common,Near Mint,Normal,0.32,,,,,4,,https://tcgplayer-cdn.tcgplayer.com/product/661801_in_200x200.jpg
661800,8988076,Magic: The Gathering,Avatar: The Last Airbender,Earth Rumble Wrestlers,,218,Common,Near Mint,Normal,0.10,,,,,3,,https://tcgplayer-cdn.tcgplayer.com/product/661800_in_200x200.jpg
660708,8981412,Magic: The Gathering,Avatar: The Last Airbender,"Teo, Spirited Glider",,74,Uncommon,Near Mint,Normal,0.18,,,,,2,,https://tcgplayer-cdn.tcgplayer.com/product/660708_in_200x200.jpg
660648,8980602,Magic: The Gathering,Avatar: The Last Airbender,Unlucky Cabbage Merchant,,201,Uncommon,Near Mint,Normal,0.22,,,,,1,,https://tcgplayer-cdn.tcgplayer.com/product/660648_in_200x200.jpg
660642,8980517,Magic: The Gathering,Avatar: The Last Airbender,Foggy Swamp Visions (Showcase),,339,Rare,Near Mint,Normal,0.38,,,,,1,,https://tcgplayer-cdn.tcgplayer.com/product/660642_in_200x200.jpg
660608,8979672,Magic: The Gathering,Avatar: The Last Airbender,Uncle Iroh,,248,Uncommon,Near Mint,Normal,0.17,,,,,2,,https://tcgplayer-cdn.tcgplayer.com/product/660608_in_200x200.jpg
660601,8979252,Magic: The Gathering,Avatar: The Last Airbender,The Lion-Turtle,,232,Rare,Near Mint,Normal,0.29,,,,,1,,https://tcgplayer-cdn.tcgplayer.com/product/660601_in_200x200.jpg
660598,8979072,Magic: The Gathering,Avatar: The Last Airbender,"Hama, the Bloodbender",,224,Uncommon,Near Mint,Normal,0.14,,,,,1,,https://tcgplayer-cdn.tcgplayer.com/product/660598_in_200x200.jpg
660597,8979012,Magic: The Gathering,Avatar: The Last Airbender,Guru Pathik,,223,Uncommon,Near Mint,Normal,0.18,,,,,1,,https://tcgplayer-cdn.tcgplayer.com/product/660597_in_200x200.jpg
660594,8978832,Magic: The Gathering,Avatar: The Last Airbender,Fire Lord Azula,,220,Rare,Near Mint,Normal,0.97,,,,,1,,https://tcgplayer-cdn.tcgplayer.com/product/660594_in_200x200.jpg
660575,8977772,Magic: The Gathering,Avatar: The Last Airbender,Seismic Sense,,195,Uncommon,Near Mint,Normal,0.32,,,,,1,,https://tcgplayer-cdn.tcgplayer.com/product/660575_in_200x200.jpg
660561,8977067,Magic: The Gathering,Avatar: The Last Airbender,Fire Nation Attacks (Borderless),,299,Uncommon,Near Mint,Normal,0.31,,,,,1,,https://tcgplayer-cdn.tcgplayer.com/product/660561_in_200x200.jpg
660540,8976161,Magic: The Gathering,Avatar: The Last Airbender: Eternal-Legal,"Volcano of Roku's Island - Valakut, the Molten Pinnacle (Borderless)",,61,Mythic,Near Mint,Normal,13.40,,,,,1,,https://tcgplayer-cdn.tcgplayer.com/product/660540_in_200x200.jpg
660538,8976046,Magic: The Gathering,Avatar: The Last Airbender,Forest (0296),,296,Land,Near Mint,Foil,0.59,,,,,1,,https://tcgplayer-cdn.tcgplayer.com/product/660538_in_200x200.jpg
660506,8974338,Magic: The Gathering,Avatar: The Last Airbender,The Legend of Kuruk,,61,Mythic,Near Mint,Normal,2.35,,,,,1,,https://tcgplayer-cdn.tcgplayer.com/product/660506_in_200x200.jpg
660492,8973672,Magic: The Gathering,Avatar: The Last Airbender,"Ty Lee, Chi Blocker",,76,Rare,Near Mint,Normal,0.34,,,,,1,,https://tcgplayer-cdn.tcgplayer.com/product/660492_in_200x200.jpg
649616,8894977,Magic: The Gathering,Avatar: The Last Airbender,"Toph, the Blind Bandit",,198,Uncommon,Near Mint,Normal,0.30,,,,,2,,https://tcgplayer-cdn.tcgplayer.com/product/649616_in_200x200.jpg
649615,8894917,Magic: The Gathering,Avatar: The Last Airbender,Rocky Rebuke,,193,Common,Near Mint,Normal,0.11,,,,,3,,https://tcgplayer-cdn.tcgplayer.com/product/649615_in_200x200.jpg
649612,8894737,Magic: The Gathering,Avatar: The Last Airbender,"Haru, Hidden Talent",,182,Uncommon,Near Mint,Normal,0.28,,,,,2,,https://tcgplayer-cdn.tcgplayer.com/product/649612_in_200x200.jpg
649610,8894637,Magic: The Gathering,Avatar: The Last Airbender,Earth Rumble,,174,Uncommon,Near Mint,Normal,0.20,,,,,1,,https://tcgplayer-cdn.tcgplayer.com/product/649610_in_200x200.jpg
649607,8894477,Magic: The Gathering,Avatar: The Last Airbender,Badgermole,,166,Common,Near Mint,Normal,0.19,,,,,4,,https://tcgplayer-cdn.tcgplayer.com/product/649607_in_200x200.jpg
649602,8894227,Magic: The Gathering,Avatar: The Last Airbender,Raucous Audience,,190,Common,Near Mint,Normal,0.18,,,,,3,,https://tcgplayer-cdn.tcgplayer.com/product/649602_in_200x200.jpg
649596,8893947,Magic: The Gathering,Avatar: The Last Airbender,"Flopsie, Bumi's Buddy",,179,Uncommon,Near Mint,Normal,0.21,,,,,1,,https://tcgplayer-cdn.tcgplayer.com/product/649596_in_200x200.jpg
649559,8892967,Magic: The Gathering,Avatar: The Last Airbender,"Long Feng, Grand Secretariat",,233,Uncommon,Near Mint,Normal,0.13,,,,,1,,https://tcgplayer-cdn.tcgplayer.com/product/649559_in_200x200.jpg
649409,8891544,Magic: The Gathering,Avatar: The Last Airbender,"Hei Bai, Spirit of Balance",,225,Uncommon,Near Mint,Normal,0.16,,,,,1,,https://tcgplayer-cdn.tcgplayer.com/product/649409_in_200x200.jpg
649360,8889400,Magic: The Gathering,Avatar: The Last Airbender,Master Piandao,,28,Uncommon,Near Mint,Normal,0.15,,,,,2,,https://tcgplayer-cdn.tcgplayer.com/product/649360_in_200x200.jpg
648737,8883985,Magic: The Gathering,Avatar: The Last Airbender,"Sokka, Bold Boomeranger",,240,Rare,Near Mint,Normal,0.25,,,,,2,,https://tcgplayer-cdn.tcgplayer.com/product/648737_in_200x200.jpg
648731,8883645,Magic: The Gathering,Avatar: The Last Airbender,Earthbending Lesson,,176,Common,Near Mint,Normal,0.21,,,,,2,,https://tcgplayer-cdn.tcgplayer.com/product/648731_in_200x200.jpg
648645,8881863,Magic: The Gathering,Avatar: The Last Airbender,"Appa, Steadfast Guardian",,10,Mythic,Near Mint,Normal,5.84,,,,,1,,https://tcgplayer-cdn.tcgplayer.com/product/648645_in_200x200.jpg
663139,9016066,Magic: The Gathering,Prerelease Cards,"Sokka, Bold Boomeranger",,240,Rare,Near Mint,Foil,10.60,,,,,1,,https://tcgplayer-cdn.tcgplayer.com/product/663139_in_200x200.jpg
662611,9006653,Magic: The Gathering,Avatar: The Last Airbender,"Toph, Hardheaded Teacher",,246,Rare,Near Mint,Normal,0.86,,,,,1,,https://tcgplayer-cdn.tcgplayer.com/product/662611_in_200x200.jpg
661932,8989989,Magic: The Gathering,Avatar: The Last Airbender,"Mai, Jaded Edge",,147,Uncommon,Near Mint,Foil,0.28,,,,,1,,https://tcgplayer-cdn.tcgplayer.com/product/661932_in_200x200.jpg
661919,8989494,Magic: The Gathering,Avatar: The Last Airbender,"Aang, Swift Savior",,204,Rare,Near Mint,Normal,2.28,,,,,1,,https://tcgplayer-cdn.tcgplayer.com/product/661919_in_200x200.jpg
660715,8981727,Magic: The Gathering,Avatar: The Last Airbender,"Momo, Playful Pet",,30,Uncommon,Near Mint,Normal,0.25,,,,,1,,https://tcgplayer-cdn.tcgplayer.com/product/660715_in_200x200.jpg
660619,8980312,Magic: The Gathering,Avatar: The Last Airbender,"Ty Lee, Artful Acrobat",,158,Uncommon,Near Mint,Normal,0.17,,,,,1,,https://tcgplayer-cdn.tcgplayer.com/product/660619_in_200x200.jpg
660603,8979372,Magic: The Gathering,Avatar: The Last Airbender,"Ozai, the Phoenix King",,235,Mythic,Near Mint,Normal,3.98,,,,,1,,https://tcgplayer-cdn.tcgplayer.com/product/660603_in_200x200.jpg
660599,8979132,Magic: The Gathering,Avatar: The Last Airbender,"Iroh, Grand Lotus",,227,Rare,Near Mint,Normal,0.38,,,,,1,,https://tcgplayer-cdn.tcgplayer.com/product/660599_in_200x200.jpg
660594,8978837,Magic: The Gathering,Avatar: The Last Airbender,Fire Lord Azula,,220,Rare,Near Mint,Foil,2.82,,,,,1,,https://tcgplayer-cdn.tcgplayer.com/product/660594_in_200x200.jpg
660585,8978292,Magic: The Gathering,Avatar: The Last Airbender,"Azula, Cunning Usurper",,208,Rare,Near Mint,Normal,0.33,,,,,1,,https://tcgplayer-cdn.tcgplayer.com/product/660585_in_200x200.jpg
660553,8976646,Magic: The Gathering,Avatar: The Last Airbender,Ran and Shaw,,150,Rare,Near Mint,Normal,0.27,,,,,1,,https://tcgplayer-cdn.tcgplayer.com/product/660553_in_200x200.jpg
649616,8894982,Magic: The Gathering,Avatar: The Last Airbender,"Toph, the Blind Bandit",,198,Uncommon,Near Mint,Foil,0.35,,,,,1,,https://tcgplayer-cdn.tcgplayer.com/product/649616_in_200x200.jpg
649573,8893717,Magic: The Gathering,Avatar: The Last Airbender,"Zuko, Exiled Prince",,163,Uncommon,Near Mint,Normal,0.20,,,,,2,,https://tcgplayer-cdn.tcgplayer.com/product/649573_in_200x200.jpg
649389,8890822,Magic: The Gathering,Avatar: The Last Airbender,"Sokka, Lateral Strategist",,241,Uncommon,Near Mint,Foil,0.32,,,,,1,,https://tcgplayer-cdn.tcgplayer.com/product/649389_in_200x200.jpg
649387,8890697,Magic: The Gathering,Avatar: The Last Airbender,"Katara, Bending Prodigy",,59,Uncommon,Near Mint,Normal,0.21,,,,,1,,https://tcgplayer-cdn.tcgplayer.com/product/649387_in_200x200.jpg
649374,8890082,Magic: The Gathering,Avatar: The Last Airbender,Master Pakku,,63,Uncommon,Near Mint,Normal,0.14,,,,,3,,https://tcgplayer-cdn.tcgplayer.com/product/649374_in_200x200.jpg
649363,8889560,Magic: The Gathering,Avatar: The Last Airbender,"Suki, Kyoshi Warrior",,243,Uncommon,Near Mint,Normal,0.19,,,,,2,,https://tcgplayer-cdn.tcgplayer.com/product/649363_in_200x200.jpg
649354,8889080,Magic: The Gathering,Avatar: The Last Airbender,"Aang, the Last Airbender",,4,Uncommon,Near Mint,Normal,0.23,,,,,1,,https://tcgplayer-cdn.tcgplayer.com/product/649354_in_200x200.jpg
648738,8884050,Magic: The Gathering,Avatar: The Last Airbender,"Toph, the First Metalbender",,247,Rare,Near Mint,Foil,1.99,,,,,1,,https://tcgplayer-cdn.tcgplayer.com/product/648738_in_200x200.jpg
648735,8883865,Magic: The Gathering,Avatar: The Last Airbender,"Katara, the Fearless",,230,Rare,Near Mint,Normal,0.48,,,,,1,,https://tcgplayer-cdn.tcgplayer.com/product/648735_in_200x200.jpg
648733,8883745,Magic: The Gathering,Avatar: The Last Airbender,Avatar Aang,,207,Mythic,Near Mint,Normal,3.27,,,,,1,,https://tcgplayer-cdn.tcgplayer.com/product/648733_in_200x200.jpg
648685,8882527,Magic: The Gathering,Avatar: The Last Airbender,"Yue, the Moon Spirit",,83,Rare,Near Mint,Normal,0.32,,,,,1,,https://tcgplayer-cdn.tcgplayer.com/product/648685_in_200x200.jpg
648668,8882241,Magic: The Gathering,Avatar: The Last Airbender,"Appa, Steadfast Guardian (Borderless)",,316,Mythic,Near Mint,Normal,14.40,,,,,1,,https://tcgplayer-cdn.tcgplayer.com/product/648668_in_200x200.jpg
648654,8882010,Magic: The Gathering,Avatar: The Last Airbender,"Momo, Friendly Flier",,29,Rare,Near Mint,Normal,0.44,,,,,1,,https://tcgplayer-cdn.tcgplayer.com/product/648654_in_200x200.jpg
662981,9013292,Magic: The Gathering,Avatar: The Last Airbender,Mountain (0285),,285,Land,Near Mint,Foil,0.22,,,,,1,,https://tcgplayer-cdn.tcgplayer.com/product/662981_in_200x200.jpg
662979,9013172,Magic: The Gathering,Avatar: The Last Airbender,Island (0283),,283,Land,Near Mint,Foil,0.18,,,,,1,,https://tcgplayer-cdn.tcgplayer.com/product/662979_in_200x200.jpg
662614,9006818,Magic: The Gathering,Avatar: The Last Airbender,Rumble Arena,,277,Common,Near Mint,Foil,0.33,,,,,1,,https://tcgplayer-cdn.tcgplayer.com/product/662614_in_200x200.jpg
661978,8991996,Magic: The Gathering,Avatar: The Last Airbender,Omashu City,,275,Land,Near Mint,Foil,0.24,,,,,1,,https://tcgplayer-cdn.tcgplayer.com/product/661978_in_200x200.jpg
661973,8991696,Magic: The Gathering,Avatar: The Last Airbender,Foggy Bottom Swamp,,269,Land,Near Mint,Foil,0.26,,,,,1,,https://tcgplayer-cdn.tcgplayer.com/product/661973_in_200x200.jpg
660742,8982303,Magic: The Gathering,Avatar: The Last Airbender,White Lotus Hideout,,281,Uncommon,Near Mint,Foil,0.30,,,,,2,,https://tcgplayer-cdn.tcgplayer.com/product/660742_in_200x200.jpg
648727,8883410,Magic: The Gathering,Avatar: The Last Airbender,Swamp (0289),,289,Land,Near Mint,Foil,0.43,,,,,1,,https://tcgplayer-cdn.tcgplayer.com/product/648727_in_200x200.jpg
662982,9013347,Magic: The Gathering,Avatar: The Last Airbender,Forest (0286),,286,Land,Near Mint,Normal,0.15,,,,,1,,https://tcgplayer-cdn.tcgplayer.com/product/662982_in_200x200.jpg
662981,9013287,Magic: The Gathering,Avatar: The Last Airbender,Mountain (0285),,285,Land,Near Mint,Normal,0.16,,,,,1,,https://tcgplayer-cdn.tcgplayer.com/product/662981_in_200x200.jpg
662980,9013227,Magic: The Gathering,Avatar: The Last Airbender,Swamp (0284),,284,Land,Near Mint,Normal,0.23,,,,,1,,https://tcgplayer-cdn.tcgplayer.com/product/662980_in_200x200.jpg
662979,9013167,Magic: The Gathering,Avatar: The Last Airbender,Island (0283),,283,Land,Near Mint,Normal,0.16,,,,,1,,https://tcgplayer-cdn.tcgplayer.com/product/662979_in_200x200.jpg
662978,9013107,Magic: The Gathering,Avatar: The Last Airbender,Plains (0282),,282,Land,Near Mint,Normal,0.20,,,,,1,,https://tcgplayer-cdn.tcgplayer.com/product/662978_in_200x200.jpg
662801,9010107,Magic: The Gathering,Avatar: The Last Airbender,Abandoned Air Temple,,263,Rare,Near Mint,Normal,5.70,,,,,1,,https://tcgplayer-cdn.tcgplayer.com/product/662801_in_200x200.jpg
662614,9006813,Magic: The Gathering,Avatar: The Last Airbender,Rumble Arena,,277,Common,Near Mint,Normal,0.24,,,,,4,,https://tcgplayer-cdn.tcgplayer.com/product/662614_in_200x200.jpg
662547,9005461,Magic: The Gathering,Avatar: The Last Airbender,Ba Sing Se,,266,Rare,Near Mint,Normal,4.84,,,,,1,,https://tcgplayer-cdn.tcgplayer.com/product/662547_in_200x200.jpg
662045,8993568,Magic: The Gathering,Avatar: The Last Airbender,Fire Nation Palace,,268,Rare,Near Mint,Normal,1.24,,,,,1,,https://tcgplayer-cdn.tcgplayer.com/product/662045_in_200x200.jpg
662041,8993418,Magic: The Gathering,Avatar: The Last Airbender,Jasmine Dragon Tea Shop,,270,Rare,Near Mint,Normal,0.34,,,,,1,,https://tcgplayer-cdn.tcgplayer.com/product/662041_in_200x200.jpg
661980,8992111,Magic: The Gathering,Avatar: The Last Airbender,Sun-Blessed Peak,,280,Land,Near Mint,Normal,0.25,,,,,1,,https://tcgplayer-cdn.tcgplayer.com/product/661980_in_200x200.jpg
661979,8992051,Magic: The Gathering,Avatar: The Last Airbender,Serpent's Pass,,279,Land,Near Mint,Normal,0.24,,,,,3,,https://tcgplayer-cdn.tcgplayer.com/product/661979_in_200x200.jpg
661978,8991991,Magic: The Gathering,Avatar: The Last Airbender,Omashu City,,275,Land,Near Mint,Normal,0.22,,,,,1,,https://tcgplayer-cdn.tcgplayer.com/product/661978_in_200x200.jpg
661977,8991931,Magic: The Gathering,Avatar: The Last Airbender,North Pole Gates,,274,Land,Near Mint,Normal,0.20,,,,,2,,https://tcgplayer-cdn.tcgplayer.com/product/661977_in_200x200.jpg
661976,8991871,Magic: The Gathering,Avatar: The Last Airbender,Misty Palms Oasis,,273,Land,Near Mint,Normal,0.15,,,,,2,,https://tcgplayer-cdn.tcgplayer.com/product/661976_in_200x200.jpg
661975,8991811,Magic: The Gathering,Avatar: The Last Airbender,Meditation Pools,,272,Land,Near Mint,Normal,0.23,,,,,1,,https://tcgplayer-cdn.tcgplayer.com/product/661975_in_200x200.jpg
661974,8991756,Magic: The Gathering,Avatar: The Last Airbender,Kyoshi Village,,271,Land,Near Mint,Foil,0.26,,,,,1,,https://tcgplayer-cdn.tcgplayer.com/product/661974_in_200x200.jpg
661974,8991751,Magic: The Gathering,Avatar: The Last Airbender,Kyoshi Village,,271,Land,Near Mint,Normal,0.23,,,,,2,,https://tcgplayer-cdn.tcgplayer.com/product/661974_in_200x200.jpg
661973,8991691,Magic: The Gathering,Avatar: The Last Airbender,Foggy Bottom Swamp,,269,Land,Near Mint,Normal,0.18,,,,,3,,https://tcgplayer-cdn.tcgplayer.com/product/661973_in_200x200.jpg
661972,8991631,Magic: The Gathering,Avatar: The Last Airbender,Boiling Rock Prison,,267,Land,Near Mint,Normal,0.23,,,,,2,,https://tcgplayer-cdn.tcgplayer.com/product/661972_in_200x200.jpg
661971,8991571,Magic: The Gathering,Avatar: The Last Airbender,Airship Engine Room,,265,Land,Near Mint,Normal,0.25,,,,,1,,https://tcgplayer-cdn.tcgplayer.com/product/661971_in_200x200.jpg
660742,8982298,Magic: The Gathering,Avatar: The Last Airbender,White Lotus Hideout,,281,Uncommon,Near Mint,Normal,0.22,,,,,2,,https://tcgplayer-cdn.tcgplayer.com/product/660742_in_200x200.jpg
660740,8982178,Magic: The Gathering,Avatar: The Last Airbender,Secret Tunnel,,278,Rare,Near Mint,Normal,2.53,,,,,1,,https://tcgplayer-cdn.tcgplayer.com/product/660740_in_200x200.jpg
660536,8975921,Magic: The Gathering,Avatar: The Last Airbender,Swamp (0294),,294,Land,Near Mint,Normal,0.25,,,,,1,,https://tcgplayer-cdn.tcgplayer.com/product/660536_in_200x200.jpg
660534,8975801,Magic: The Gathering,Avatar: The Last Airbender,Plains (0292),,292,Land,Near Mint,Normal,0.54,,,,,1,,https://tcgplayer-cdn.tcgplayer.com/product/660534_in_200x200.jpg
648728,8883465,Magic: The Gathering,Avatar: The Last Airbender,Mountain (0290),,290,Land,Near Mint,Normal,0.32,,,,,1,,https://tcgplayer-cdn.tcgplayer.com/product/648728_in_200x200.jpg
648727,8883405,Magic: The Gathering,Avatar: The Last Airbender,Swamp (0289),,289,Land,Near Mint,Normal,0.31,,,,,1,,https://tcgplayer-cdn.tcgplayer.com/product/648727_in_200x200.jpg
648726,8883345,Magic: The Gathering,Avatar: The Last Airbender,Island (0288),,288,Land,Near Mint,Normal,0.32,,,,,1,,https://tcgplayer-cdn.tcgplayer.com/product/648726_in_200x200.jpg
648725,8883285,Magic: The Gathering,Avatar: The Last Airbender,Plains (0287),,287,Land,Near Mint,Normal,0.31,,,,,2,,https://tcgplayer-cdn.tcgplayer.com/product/648725_in_200x200.jpg
648656,8882075,Magic: The Gathering,Avatar: The Last Airbender,Southern Air Temple,,36,Uncommon,Near Mint,Normal,0.27,,,,,1,,https://tcgplayer-cdn.tcgplayer.com/product/648656_in_200x200.jpg
498403,7171890,Magic: The Gathering,Universes Beyond: The Lord of the Rings: Tales of Middle-earth,Mountain (0269),,269,Land,Near Mint,Normal,0.25,,,,,1,,https://tcgplayer-cdn.tcgplayer.com/product/498403_in_200x200.jpg
649571,8893602,Magic: The Gathering,Avatar: The Last Airbender,Yuyan Archers,,161,Common,Near Mint,Foil,0.17,,,,,1,,https://tcgplayer-cdn.tcgplayer.com/product/649571_in_200x200.jpg
662363,8999416,Magic: The Gathering,Avatar: The Last Airbender,Crashing Wave,,47,Uncommon,Near Mint,Foil,0.30,,,,,1,,https://tcgplayer-cdn.tcgplayer.com/product/662363_in_200x200.jpg
662102,8995193,Magic: The Gathering,Avatar: The Last Airbender,Fatal Fissure,,97,Uncommon,Near Mint,Foil,0.24,,,,,3,,https://tcgplayer-cdn.tcgplayer.com/product/662102_in_200x200.jpg
662098,8995008,Magic: The Gathering,Avatar: The Last Airbender,Earth Kingdom Protectors,,17,Uncommon,Near Mint,Foil,0.35,,,,,1,,https://tcgplayer-cdn.tcgplayer.com/product/662098_in_200x200.jpg
662084,8994798,Magic: The Gathering,Avatar: The Last Airbender,Boomerang Basics,,46,Uncommon,Near Mint,Foil,1.42,,,,,1,,https://tcgplayer-cdn.tcgplayer.com/product/662084_in_200x200.jpg
661803,8988261,Magic: The Gathering,Avatar: The Last Airbender,Deadly Precision,,95,Common,Near Mint,Foil,0.25,,,,,1,,https://tcgplayer-cdn.tcgplayer.com/product/661803_in_200x200.jpg
660497,8973927,Magic: The Gathering,Avatar: The Last Airbender,Water Tribe Rallier,,42,Uncommon,Near Mint,Foil,0.26,,,,,1,,https://tcgplayer-cdn.tcgplayer.com/product/660497_in_200x200.jpg
649605,8894392,Magic: The Gathering,Avatar: The Last Airbender,Turtle-Duck,,200,Common,Near Mint,Foil,0.27,,,,,1,,https://tcgplayer-cdn.tcgplayer.com/product/649605_in_200x200.jpg
649566,8893342,Magic: The Gathering,Avatar: The Last Airbender,Lightning Strike,,146,Common,Near Mint,Foil,0.27,,,,,1,,https://tcgplayer-cdn.tcgplayer.com/product/649566_in_200x200.jpg
649414,8891750,Magic: The Gathering,Avatar: The Last Airbender,Pretending Poxbearers,,237,Common,Near Mint,Foil,0.16,,,,,1,,https://tcgplayer-cdn.tcgplayer.com/product/649414_in_200x200.jpg
649412,8891689,Magic: The Gathering,Avatar: The Last Airbender,Merchant of Many Hats,,110,Common,Near Mint,Foil,0.14,,,,,1,,https://tcgplayer-cdn.tcgplayer.com/product/649412_in_200x200.jpg
649371,8889927,Magic: The Gathering,Avatar: The Last Airbender,Iguana Parrot,,56,Common,Near Mint,Foil,0.20,,,,,1,,https://tcgplayer-cdn.tcgplayer.com/product/649371_in_200x200.jpg
662803,9010212,Magic: The Gathering,Avatar: The Last Airbender,Wandering Musicians,,250,Common,Near Mint,Foil,0.20,,,,,1,,https://tcgplayer-cdn.tcgplayer.com/product/662803_in_200x200.jpg
662606,9006358,Magic: The Gathering,Avatar: The Last Airbender,Canyon Crawler,,90,Common,Near Mint,Foil,0.30,,,,,1,,https://tcgplayer-cdn.tcgplayer.com/product/662606_in_200x200.jpg
662351,8998791,Magic: The Gathering,Avatar: The Last Airbender,Benevolent River Spirit,,45,Uncommon,Near Mint,Normal,0.18,,,,,1,,https://tcgplayer-cdn.tcgplayer.com/product/662351_in_200x200.jpg
662060,8994043,Magic: The Gathering,Avatar: The Last Airbender,Fire Navy Trebuchet,,100,Uncommon,Near Mint,Normal,0.24,,,,,2,,https://tcgplayer-cdn.tcgplayer.com/product/662060_in_200x200.jpg
661890,8989163,Magic: The Gathering,Avatar: The Last Airbender,Treetop Freedom Fighters,,156,Common,Near Mint,Normal,0.13,,,,,3,,https://tcgplayer-cdn.tcgplayer.com/product/661890_in_200x200.jpg
661800,8988081,Magic: The Gathering,Avatar: The Last Airbender,Earth Rumble Wrestlers,,218,Common,Near Mint,Foil,0.17,,,,,1,,https://tcgplayer-cdn.tcgplayer.com/product/661800_in_200x200.jpg
660591,8978652,Magic: The Gathering,Avatar: The Last Airbender,Dragonfly Swarm,,215,Uncommon,Near Mint,Normal,0.17,,,,,1,,https://tcgplayer-cdn.tcgplayer.com/product/660591_in_200x200.jpg
660541,8976221,Magic: The Gathering,Avatar: The Last Airbender,The Cave of Two Lovers,,126,Uncommon,Near Mint,Normal,0.24,,,,,3,,https://tcgplayer-cdn.tcgplayer.com/product/660541_in_200x200.jpg
660522,8975121,Magic: The Gathering,Avatar: The Last Airbender,"Azula, On the Hunt",,85,Uncommon,Near Mint,Normal,0.14,,,,,2,,https://tcgplayer-cdn.tcgplayer.com/product/660522_in_200x200.jpg
649569,8893502,Magic: The Gathering,Avatar: The Last Airbender,Rough Rhino Cavalry,,152,Common,Near Mint,Foil,0.18,,,,,1,,https://tcgplayer-cdn.tcgplayer.com/product/649569_in_200x200.jpg
649418,8891867,Magic: The Gathering,Avatar: The Last Airbender,Azula Always Lies,,84,Common,Near Mint,Normal,0.12,,,,,3,,https://tcgplayer-cdn.tcgplayer.com/product/649418_in_200x200.jpg
649388,8890757,Magic: The Gathering,Avatar: The Last Airbender,Otter-Penguin,,67,Common,Near Mint,Normal,0.15,,,,,4,,https://tcgplayer-cdn.tcgplayer.com/product/649388_in_200x200.jpg
649377,8890217,Magic: The Gathering,Avatar: The Last Airbender,Serpent of the Pass,,70,Uncommon,Near Mint,Foil,0.28,,,,,1,,https://tcgplayer-cdn.tcgplayer.com/product/649377_in_200x200.jpg
649375,8890147,Magic: The Gathering,Avatar: The Last Airbender,Rowdy Snowballers,,68,Common,Near Mint,Normal,0.10,,,,,4,,https://tcgplayer-cdn.tcgplayer.com/product/649375_in_200x200.jpg
649368,8889742,Magic: The Gathering,Avatar: The Last Airbender,Barrels of Blasting Jelly,,254,Common,Near Mint,Normal,0.19,,,,,2,,https://tcgplayer-cdn.tcgplayer.com/product/649368_in_200x200.jpg
649336,8888330,Magic: The Gathering,Avatar: The Last Airbender,Razor Rings,,33,Common,Near Mint,Normal,0.13,,,,,3,,https://tcgplayer-cdn.tcgplayer.com/product/649336_in_200x200.jpg
662793,9009952,Magic: The Gathering,Avatar: The Last Airbender,Sandbender Scavengers,,239,Rare,Near Mint,Normal,0.20,,,,,2,,https://tcgplayer-cdn.tcgplayer.com/product/662793_in_200x200.jpg
662753,9008445,Magic: The Gathering,Avatar: The Last Airbender,Pirate Peddlers,,115,Common,Near Mint,Normal,0.21,,,,,3,,https://tcgplayer-cdn.tcgplayer.com/product/662753_in_200x200.jpg
662610,9006593,Magic: The Gathering,Avatar: The Last Airbender,Air Nomad Legacy,,206,Uncommon,Near Mint,Normal,0.19,,,,,1,,https://tcgplayer-cdn.tcgplayer.com/product/662610_in_200x200.jpg
662608,9006473,Magic: The Gathering,Avatar: The Last Airbender,Boar-q-pine,,124,Common,Near Mint,Normal,0.11,,,,,2,,https://tcgplayer-cdn.tcgplayer.com/product/662608_in_200x200.jpg
662606,9006353,Magic: The Gathering,Avatar: The Last Airbender,Canyon Crawler,,90,Common,Near Mint,Normal,0.16,,,,,3,,https://tcgplayer-cdn.tcgplayer.com/product/662606_in_200x200.jpg
662604,9006292,Magic: The Gathering,Avatar: The Last Airbender,Accumulate Wisdom,,44,Uncommon,Near Mint,Normal,0.23,,,,,1,,https://tcgplayer-cdn.tcgplayer.com/product/662604_in_200x200.jpg
662591,9005945,Magic: The Gathering,Avatar: The Last Airbender,Curious Farm Animals,,14,Common,Near Mint,Normal,0.26,,,,,3,,https://tcgplayer-cdn.tcgplayer.com/product/662591_in_200x200.jpg
662402,9001151,Magic: The Gathering,Avatar: The Last Airbender,Waterbender Ascension,,79,Rare,Near Mint,Normal,0.62,,,,,1,,https://tcgplayer-cdn.tcgplayer.com/product/662402_in_200x200.jpg
662363,8999411,Magic: The Gathering,Avatar: The Last Airbender,Crashing Wave,,47,Uncommon,Near Mint,Normal,0.24,,,,,2,,https://tcgplayer-cdn.tcgplayer.com/product/662363_in_200x200.jpg
662359,8999191,Magic: The Gathering,Avatar: The Last Airbender,Walltop Sentries,,202,Common,Near Mint,Normal,0.15,,,,,3,,https://tcgplayer-cdn.tcgplayer.com/product/662359_in_200x200.jpg
662357,8999091,Magic: The Gathering,Avatar: The Last Airbender,Foggy Swamp Hunters,,101,Common,Near Mint,Normal,0.07,,,,,3,,https://tcgplayer-cdn.tcgplayer.com/product/662357_in_200x200.jpg
662339,8998309,Magic: The Gathering,Avatar: The Last Airbender,Invasion Reinforcements,,24,Uncommon,Near Mint,Normal,0.20,,,,,1,,https://tcgplayer-cdn.tcgplayer.com/product/662339_in_200x200.jpg
662108,8995493,Magic: The Gathering,Avatar: The Last Airbender,Fire Nation Raider,,135,Common,Near Mint,Normal,0.10,,,,,3,,https://tcgplayer-cdn.tcgplayer.com/product/662108_in_200x200.jpg
662106,8995373,Magic: The Gathering,Avatar: The Last Airbender,Combustion Technique,,128,Uncommon,Near Mint,Normal,0.24,,,,,1,,https://tcgplayer-cdn.tcgplayer.com/product/662106_in_200x200.jpg
662102,8995188,Magic: The Gathering,Avatar: The Last Airbender,Fatal Fissure,,97,Uncommon,Near Mint,Normal,0.10,,,,,2,,https://tcgplayer-cdn.tcgplayer.com/product/662102_in_200x200.jpg
662100,8995068,Magic: The Gathering,Avatar: The Last Airbender,Sandbenders' Storm,,34,Common,Near Mint,Normal,0.21,,,,,3,,https://tcgplayer-cdn.tcgplayer.com/product/662100_in_200x200.jpg
662098,8995003,Magic: The Gathering,Avatar: The Last Airbender,Earth Kingdom Protectors,,17,Uncommon,Near Mint,Normal,0.21,,,,,1,,https://tcgplayer-cdn.tcgplayer.com/product/662098_in_200x200.jpg
662095,8994928,Magic: The Gathering,Avatar: The Last Airbender,Destined Confrontation,,15,Uncommon,Near Mint,Normal,0.21,,,,,1,,https://tcgplayer-cdn.tcgplayer.com/product/662095_in_200x200.jpg
662084,8994793,Magic: The Gathering,Avatar: The Last Airbender,Boomerang Basics,,46,Uncommon,Near Mint,Normal,0.82,,,,,1,,https://tcgplayer-cdn.tcgplayer.com/product/662084_in_200x200.jpg
662081,8994668,Magic: The Gathering,Avatar: The Last Airbender,Raven Eagle,,116,Rare,Near Mint,Normal,0.21,,,,,1,,https://tcgplayer-cdn.tcgplayer.com/product/662081_in_200x200.jpg
661994,8992636,Magic: The Gathering,Avatar: The Last Airbender,Elemental Teachings,,178,Rare,Near Mint,Normal,0.36,,,,,2,,https://tcgplayer-cdn.tcgplayer.com/product/661994_in_200x200.jpg
661967,8991371,Magic: The Gathering,Avatar: The Last Airbender,Tolls of War,,245,Uncommon,Near Mint,Normal,0.19,,,,,1,,https://tcgplayer-cdn.tcgplayer.com/product/661967_in_200x200.jpg
661966,8991311,Magic: The Gathering,Avatar: The Last Airbender,Platypus-Bear,,236,Common,Near Mint,Normal,0.06,,,,,4,,https://tcgplayer-cdn.tcgplayer.com/product/661966_in_200x200.jpg
661959,8990986,Magic: The Gathering,Avatar: The Last Airbender,Twin Blades,,157,Uncommon,Near Mint,Normal,0.14,,,,,2,,https://tcgplayer-cdn.tcgplayer.com/product/661959_in_200x200.jpg
661955,8990746,Magic: The Gathering,Avatar: The Last Airbender,Callous Inspector,,89,Common,Near Mint,Normal,0.17,,,,,4,,https://tcgplayer-cdn.tcgplayer.com/product/661955_in_200x200.jpg
661945,8990343,Magic: The Gathering,Avatar: The Last Airbender,The Unagi of Kyoshi Island,,77,Rare,Near Mint,Normal,1.14,,,,,1,,https://tcgplayer-cdn.tcgplayer.com/product/661945_in_200x200.jpg
661944,8990283,Magic: The Gathering,Avatar: The Last Airbender,Shared Roots,,196,Uncommon,Near Mint,Normal,0.43,,,,,1,,https://tcgplayer-cdn.tcgplayer.com/product/661944_in_200x200.jpg
661805,8988376,Magic: The Gathering,Avatar: The Last Airbender,Invasion Submersible,,57,Uncommon,Near Mint,Normal,0.17,,,,,1,,https://tcgplayer-cdn.tcgplayer.com/product/661805_in_200x200.jpg
660717,8981847,Magic: The Gathering,Avatar: The Last Airbender,Lost Days,,62,Common,Near Mint,Normal,0.19,,,,,3,,https://tcgplayer-cdn.tcgplayer.com/product/660717_in_200x200.jpg
660716,8981787,Magic: The Gathering,Avatar: The Last Airbender,Forecasting Fortune Teller,,51,Common,Near Mint,Normal,0.10,,,,,3,,https://tcgplayer-cdn.tcgplayer.com/product/660716_in_200x200.jpg
660712,8981602,Magic: The Gathering,Avatar: The Last Airbender,Fancy Footwork,,19,Uncommon,Near Mint,Normal,0.13,,,,,2,,https://tcgplayer-cdn.tcgplayer.com/product/660712_in_200x200.jpg
660711,8981542,Magic: The Gathering,Avatar: The Last Airbender,Compassionate Healer,,13,Common,Near Mint,Normal,0.27,,,,,3,,https://tcgplayer-cdn.tcgplayer.com/product/660711_in_200x200.jpg
660709,8981472,Magic: The Gathering,Avatar: The Last Airbender,Northern Air Temple,,111,Uncommon,Near Mint,Normal,0.27,,,,,1,,https://tcgplayer-cdn.tcgplayer.com/product/660709_in_200x200.jpg
660609,8979732,Magic: The Gathering,Avatar: The Last Airbender,White Lotus Reinforcements,,251,Uncommon,Near Mint,Normal,0.22,,,,,3,,https://tcgplayer-cdn.tcgplayer.com/product/660609_in_200x200.jpg
660607,8979612,Magic: The Gathering,Avatar: The Last Airbender,Sun warriors,,244,Uncommon,Near Mint,Normal,0.19,,,,,1,,https://tcgplayer-cdn.tcgplayer.com/product/660607_in_200x200.jpg
660590,8978592,Magic: The Gathering,Avatar: The Last Airbender,Zuko's Exile,,3,Common,Near Mint,Normal,0.20,,,,,5,,https://tcgplayer-cdn.tcgplayer.com/product/660590_in_200x200.jpg
660587,8978412,Magic: The Gathering,Avatar: The Last Airbender,Dai Li Agents,,214,Uncommon,Near Mint,Normal,0.16,,,,,2,,https://tcgplayer-cdn.tcgplayer.com/product/660587_in_200x200.jpg
660576,8977832,Magic: The Gathering,Avatar: The Last Airbender,Sparring Dummy,,197,Uncommon,Near Mint,Normal,0.14,,,,,1,,https://tcgplayer-cdn.tcgplayer.com/product/660576_in_200x200.jpg
660574,8977712,Magic: The Gathering,Avatar: The Last Airbender,Leaves from the Vine,,185,Uncommon,Near Mint,Normal,0.15,,,,,1,,https://tcgplayer-cdn.tcgplayer.com/product/660574_in_200x200.jpg
649614,8894857,Magic: The Gathering,Avatar: The Last Airbender,Rebellious Captives,,191,Common,Near Mint,Normal,0.12,,,,,3,,https://tcgplayer-cdn.tcgplayer.com/product/649614_in_200x200.jpg
649609,8894577,Magic: The Gathering,Avatar: The Last Airbender,Earth Kingdom Soldier,,216,Common,Near Mint,Normal,0.13,,,,,4,,https://tcgplayer-cdn.tcgplayer.com/product/649609_in_200x200.jpg
649572,8893657,Magic: The Gathering,Avatar: The Last Airbender,Vindictive Warden,,249,Common,Near Mint,Normal,0.08,,,,,4,,https://tcgplayer-cdn.tcgplayer.com/product/649572_in_200x200.jpg
649569,8893497,Magic: The Gathering,Avatar: The Last Airbender,Rough Rhino Cavalry,,152,Common,Near Mint,Normal,0.12,,,,,2,,https://tcgplayer-cdn.tcgplayer.com/product/649569_in_200x200.jpg
649568,8893437,Magic: The Gathering,Avatar: The Last Airbender,Mongoose Lizard,,148,Common,Near Mint,Normal,0.09,,,,,5,,https://tcgplayer-cdn.tcgplayer.com/product/649568_in_200x200.jpg
649560,8893027,Magic: The Gathering,Avatar: The Last Airbender,Ozai's Cruelty,,113,Uncommon,Near Mint,Normal,0.20,,,,,2,,https://tcgplayer-cdn.tcgplayer.com/product/649560_in_200x200.jpg
649556,8892897,Magic: The Gathering,Avatar: The Last Airbender,Hog-Monkey,,104,Common,Near Mint,Normal,0.13,,,,,5,,https://tcgplayer-cdn.tcgplayer.com/product/649556_in_200x200.jpg
649412,8891684,Magic: The Gathering,Avatar: The Last Airbender,Merchant of Many Hats,,110,Common,Near Mint,Normal,0.15,,,,,3,,https://tcgplayer-cdn.tcgplayer.com/product/649412_in_200x200.jpg
649408,8891484,Magic: The Gathering,Avatar: The Last Airbender,Heartless Act,,103,Uncommon,Near Mint,Normal,0.27,,,,,1,,https://tcgplayer-cdn.tcgplayer.com/product/649408_in_200x200.jpg
649404,8891323,Magic: The Gathering,Avatar: The Last Airbender,Dai Li Indoctrination,,93,Common,Near Mint,Normal,0.15,,,,,5,,https://tcgplayer-cdn.tcgplayer.com/product/649404_in_200x200.jpg
649403,8891263,Magic: The Gathering,Avatar: The Last Airbender,Corrupt Court Official,,92,Common,Near Mint,Normal,0.13,,,,,2,,https://tcgplayer-cdn.tcgplayer.com/product/649403_in_200x200.jpg
649384,8890537,Magic: The Gathering,Avatar: The Last Airbender,Flexible Waterbender,,50,Common,Near Mint,Normal,0.14,,,,,4,,https://tcgplayer-cdn.tcgplayer.com/product/649384_in_200x200.jpg
649383,8890477,Magic: The Gathering,Avatar: The Last Airbender,Cat-Owl,,212,Common,Near Mint,Normal,0.17,,,,,5,,https://tcgplayer-cdn.tcgplayer.com/product/649383_in_200x200.jpg
649372,8889982,Magic: The Gathering,Avatar: The Last Airbender,It'll Quench Ya!,,58,Common,Near Mint,Normal,0.24,,,,,4,,https://tcgplayer-cdn.tcgplayer.com/product/649372_in_200x200.jpg
649371,8889922,Magic: The Gathering,Avatar: The Last Airbender,Iguana Parrot,,56,Common,Near Mint,Normal,0.11,,,,,5,,https://tcgplayer-cdn.tcgplayer.com/product/649371_in_200x200.jpg
649362,8889500,Magic: The Gathering,Avatar: The Last Airbender,Rabaroo Troop,,32,Common,Near Mint,Normal,0.18,,,,,4,,https://tcgplayer-cdn.tcgplayer.com/product/649362_in_200x200.jpg
649355,8889140,Magic: The Gathering,Avatar: The Last Airbender,Airbending Lesson,,8,Common,Near Mint,Normal,0.28,,,,,5,,https://tcgplayer-cdn.tcgplayer.com/product/649355_in_200x200.jpg
649335,8888270,Magic: The Gathering,Avatar: The Last Airbender,Path to Redemption,,31,Common,Near Mint,Normal,0.12,,,,,4,,https://tcgplayer-cdn.tcgplayer.com/product/649335_in_200x200.jpg
648704,8882940,Magic: The Gathering,Avatar: The Last Airbender,Fated Firepower,,132,Mythic,Near Mint,Normal,4.91,,,,,1,,https://tcgplayer-cdn.tcgplayer.com/product/648704_in_200x200.jpg
662538,9004941,Magic: The Gathering,Avatar: The Last Airbender,Earthen Ally,,177,Rare,Near Mint,Normal,0.25,,,,,1,,https://tcgplayer-cdn.tcgplayer.com/product/662538_in_200x200.jpg
662386,9000531,Magic: The Gathering,Avatar: The Last Airbender,Messenger Hawk,,234,Common,Near Mint,Normal,0.12,,,,,2,,https://tcgplayer-cdn.tcgplayer.com/product/662386_in_200x200.jpg
649399,8891141,Magic: The Gathering,Avatar: The Last Airbender,Beetle-Headed Merchants,,86,Common,Near Mint,Normal,0.09,,,,,1,,https://tcgplayer-cdn.tcgplayer.com/product/649399_in_200x200.jpg
649393,8890958,Magic: The Gathering,Avatar: The Last Airbender,Waterbending Lesson,,80,Common,Near Mint,Normal,0.18,,,,,2,,https://tcgplayer-cdn.tcgplayer.com/product/649393_in_200x200.jpg
660559,8976947,Magic: The Gathering,Avatar: The Last Airbender,War Balloon,,159,Uncommon,Near Mint,Normal,0.11,,,,,2,,https://tcgplayer-cdn.tcgplayer.com/product/660559_in_200x200.jpg
662594,9006007,Magic: The Gathering,Avatar: The Last Airbender,South Pole Voyager,,35,Rare,Near Mint,Normal,0.22,,,,,1,,https://tcgplayer-cdn.tcgplayer.com/product/662594_in_200x200.jpg
649367,8889682,Magic: The Gathering,Avatar: The Last Airbender,Abandon Attachments,,205,Common,Near Mint,Normal,0.31,,,,,3,,https://tcgplayer-cdn.tcgplayer.com/product/649367_in_200x200.jpg
649382,8890417,Magic: The Gathering,Avatar: The Last Airbender,Bender's Waterskin,,255,Common,Near Mint,Normal,0.91,,,,,2,,https://tcgplayer-cdn.tcgplayer.com/product/649382_in_200x200.jpg
660589,8978532,Magic: The Gathering,Avatar: The Last Airbender,Energybending,,2,Uncommon,Near Mint,Normal,0.26,,,,,1,,https://tcgplayer-cdn.tcgplayer.com/product/660589_in_200x200.jpg
660545,8976461,Magic: The Gathering,Avatar: The Last Airbender,The Last Agni Kai,,144,Rare,Near Mint,Normal,2.15,,,,,1,,https://tcgplayer-cdn.tcgplayer.com/product/660545_in_200x200.jpg
649369,8889802,Magic: The Gathering,Avatar: The Last Airbender,First-Time Flyer,,49,Common,Near Mint,Normal,0.06,,,,,3,,https://tcgplayer-cdn.tcgplayer.com/product/649369_in_200x200.jpg
649613,8894797,Magic: The Gathering,Avatar: The Last Airbender,Pillar Launch,,189,Common,Near Mint,Normal,0.14,,,,,5,,https://tcgplayer-cdn.tcgplayer.com/product/649613_in_200x200.jpg
661807,8988496,Magic: The Gathering,Avatar: The Last Airbender,Fire Nation Cadets,,134,Common,Near Mint,Normal,0.11,,,,,3,,https://tcgplayer-cdn.tcgplayer.com/product/661807_in_200x200.jpg
649496,8892351,Magic: The Gathering,Avatar: The Last Airbender,Earth Village Ruffians,,219,Common,Near Mint,Normal,0.10,,,,,2,,https://tcgplayer-cdn.tcgplayer.com/product/649496_in_200x200.jpg
661983,8992271,Magic: The Gathering,Avatar: The Last Airbender,Earth Kingdom General,,173,Uncommon,Near Mint,Normal,0.24,,,,,1,,https://tcgplayer-cdn.tcgplayer.com/product/661983_in_200x200.jpg
660504,8974277,Magic: The Gathering,Avatar: The Last Airbender,Honest Work,,55,Uncommon,Near Mint,Normal,0.16,,,,,1,,https://tcgplayer-cdn.tcgplayer.com/product/660504_in_200x200.jpg
660592,8978712,Magic: The Gathering,Avatar: The Last Airbender,Earth King's Lieutenant,,217,Rare,Near Mint,Normal,0.30,,,,,1,,https://tcgplayer-cdn.tcgplayer.com/product/660592_in_200x200.jpg
649603,8894287,Magic: The Gathering,Avatar: The Last Airbender,Saber-Tooth Moose-Lion,,194,Common,Near Mint,Normal,0.15,,,,,3,,https://tcgplayer-cdn.tcgplayer.com/product/649603_in_200x200.jpg
661804,8988316,Magic: The Gathering,Avatar: The Last Airbender,Bumi Bash,,125,Common,Near Mint,Normal,0.10,,,,,4,,https://tcgplayer-cdn.tcgplayer.com/product/661804_in_200x200.jpg
649396,8891020,Magic: The Gathering,Avatar: The Last Airbender,Watery Grasp,,82,Common,Near Mint,Normal,0.11,,,,,4,,https://tcgplayer-cdn.tcgplayer.com/product/649396_in_200x200.jpg
649358,8889300,Magic: The Gathering,Avatar: The Last Airbender,Jeong Jeong's Deserters,,25,Common,Near Mint,Normal,0.15,,,,,4,,https://tcgplayer-cdn.tcgplayer.com/product/649358_in_200x200.jpg
649564,8893217,Magic: The Gathering,Avatar: The Last Airbender,Fire Sages,,136,Uncommon,Near Mint,Normal,0.17,,,,,3,,https://tcgplayer-cdn.tcgplayer.com/product/649564_in_200x200.jpg
661806,8988436,Magic: The Gathering,Avatar: The Last Airbender,Fire Nation Warship,,256,Uncommon,Near Mint,Normal,0.23,,,,,1,,https://tcgplayer-cdn.tcgplayer.com/product/661806_in_200x200.jpg
661802,8988196,Magic: The Gathering,Avatar: The Last Airbender,Octopus Form,,66,Common,Near Mint,Normal,0.21,,,,,1,,https://tcgplayer-cdn.tcgplayer.com/product/661802_in_200x200.jpg
649357,8889240,Magic: The Gathering,Avatar: The Last Airbender,Glider Kids,,21,Common,Near Mint,Normal,0.13,,,,,3,,https://tcgplayer-cdn.tcgplayer.com/product/649357_in_200x200.jpg
649605,8894387,Magic: The Gathering,Avatar: The Last Airbender,Turtle-Duck,,200,Common,Near Mint,Normal,0.18,,,,,4,,https://tcgplayer-cdn.tcgplayer.com/product/649605_in_200x200.jpg
662754,9008505,Magic: The Gathering,Avatar: The Last Airbender,Zuko's Conviction,,123,Uncommon,Near Mint,Normal,0.22,,,,,2,,https://tcgplayer-cdn.tcgplayer.com/product/662754_in_200x200.jpg
648683,8882466,Magic: The Gathering,Avatar: The Last Airbender,Sokka's Haiku,,71,Uncommon,Near Mint,Normal,0.25,,,,,2,,https://tcgplayer-cdn.tcgplayer.com/product/648683_in_200x200.jpg
662803,9010207,Magic: The Gathering,Avatar: The Last Airbender,Wandering Musicians,,250,Common,Near Mint,Normal,0.14,,,,,4,,https://tcgplayer-cdn.tcgplayer.com/product/662803_in_200x200.jpg
662773,9009167,Magic: The Gathering,Avatar: The Last Airbender,Wartime Protestors,,160,Rare,Near Mint,Normal,0.25,,,,,1,,https://tcgplayer-cdn.tcgplayer.com/product/662773_in_200x200.jpg
662768,9009051,Magic: The Gathering,Avatar: The Last Airbender,Firebending Lesson,,138,Common,Near Mint,Normal,0.27,,,,,4,,https://tcgplayer-cdn.tcgplayer.com/product/662768_in_200x200.jpg
662752,9008385,Magic: The Gathering,Avatar: The Last Airbender,Waterbending Scroll,,81,Uncommon,Near Mint,Normal,0.25,,,,,2,,https://tcgplayer-cdn.tcgplayer.com/product/662752_in_200x200.jpg
662740,9008048,Magic: The Gathering,Avatar: The Last Airbender,Team Avatar,,38,Uncommon,Near Mint,Normal,0.18,,,,,1,,https://tcgplayer-cdn.tcgplayer.com/product/662740_in_200x200.jpg
662613,9006753,Magic: The Gathering,Avatar: The Last Airbender,Meteor Sword,,258,Uncommon,Near Mint,Normal,0.23,,,,,1,,https://tcgplayer-cdn.tcgplayer.com/product/662613_in_200x200.jpg
662609,9006533,Magic: The Gathering,Avatar: The Last Airbender,Foggy Swamp Vinebender,,180,Common,Near Mint,Normal,0.14,,,,,3,,https://tcgplayer-cdn.tcgplayer.com/product/662609_in_200x200.jpg
662607,9006413,Magic: The Gathering,Avatar: The Last Airbender,Ruinous Waterbending,,118,Uncommon,Near Mint,Normal,0.18,,,,,1,,https://tcgplayer-cdn.tcgplayer.com/product/662607_in_200x200.jpg
662599,9006169,Magic: The Gathering,Avatar: The Last Airbender,Water Tribe Captain,,41,Common,Near Mint,Normal,0.08,,,,,3,,https://tcgplayer-cdn.tcgplayer.com/product/662599_in_200x200.jpg
662598,9006109,Magic: The Gathering,Avatar: The Last Airbender,Vengeful Villagers,,40,Uncommon,Near Mint,Normal,0.06,,,,,1,,https://tcgplayer-cdn.tcgplayer.com/product/662598_in_200x200.jpg
662545,9005346,Magic: The Gathering,Avatar: The Last Airbender,Great Divide Guide,,181,Rare,Near Mint,Foil,1.64,,,,,1,,https://tcgplayer-cdn.tcgplayer.com/product/662545_in_200x200.jpg
662537,9004881,Magic: The Gathering,Avatar: The Last Airbender,Hermitic Herbalist,,226,Uncommon,Near Mint,Normal,0.21,,,,,1,,https://tcgplayer-cdn.tcgplayer.com/product/662537_in_200x200.jpg
662371,8999791,Magic: The Gathering,Avatar: The Last Airbender,Swampsnare Trap,,120,Common,Near Mint,Normal,0.15,,,,,3,,https://tcgplayer-cdn.tcgplayer.com/product/662371_in_200x200.jpg
662340,8998369,Magic: The Gathering,Avatar: The Last Airbender,Kyoshi Warriors,,26,Common,Near Mint,Normal,0.08,,,,,1,,https://tcgplayer-cdn.tcgplayer.com/product/662340_in_200x200.jpg
662333,8998185,Magic: The Gathering,Avatar: The Last Airbender,Kyoshi Battle Fan,,257,Common,Near Mint,Normal,0.09,,,,,3,,https://tcgplayer-cdn.tcgplayer.com/product/662333_in_200x200.jpg
662111,8995678,Magic: The Gathering,Avatar: The Last Airbender,Kyoshi Island Plaza,,184,Uncommon,Near Mint,Foil,0.35,,,,,1,,https://tcgplayer-cdn.tcgplayer.com/product/662111_in_200x200.jpg
662111,8995673,Magic: The Gathering,Avatar: The Last Airbender,Kyoshi Island Plaza,,184,Uncommon,Near Mint,Normal,0.29,,,,,1,,https://tcgplayer-cdn.tcgplayer.com/product/662111_in_200x200.jpg
662107,8995433,Magic: The Gathering,Avatar: The Last Airbender,Combustion Technique (Borderless),,301,Uncommon,Near Mint,Normal,0.30,,,,,1,,https://tcgplayer-cdn.tcgplayer.com/product/662107_in_200x200.jpg
662104,8995253,Magic: The Gathering,Avatar: The Last Airbender,Wolfbat,,122,Uncommon,Near Mint,Normal,0.15,,,,,1,,https://tcgplayer-cdn.tcgplayer.com/product/662104_in_200x200.jpg
662101,8995128,Magic: The Gathering,Avatar: The Last Airbender,Ember Island Production,,48,Uncommon,Near Mint,Normal,0.32,,,,,1,,https://tcgplayer-cdn.tcgplayer.com/product/662101_in_200x200.jpg
662071,8994278,Magic: The Gathering,Avatar: The Last Airbender,Cruel Administrator,,213,Uncommon,Near Mint,Normal,0.15,,,,,1,,https://tcgplayer-cdn.tcgplayer.com/product/662071_in_200x200.jpg
662062,8994113,Magic: The Gathering,Avatar: The Last Airbender,Avatar Destiny,,165,Rare,Near Mint,Normal,0.25,,,,,1,,https://tcgplayer-cdn.tcgplayer.com/product/662062_in_200x200.jpg
662050,8993708,Magic: The Gathering,Avatar: The Last Airbender,Earth Kingdom Jailer,,16,Uncommon,Near Mint,Normal,0.13,,,,,1,,https://tcgplayer-cdn.tcgplayer.com/product/662050_in_200x200.jpg
662030,8992968,Magic: The Gathering,Avatar: The Last Airbender,Enter the Avatar State,,18,Uncommon,Near Mint,Normal,0.30,,,,,1,,https://tcgplayer-cdn.tcgplayer.com/product/662030_in_200x200.jpg
661958,8990926,Magic: The Gathering,Avatar: The Last Airbender,Tiger-Dillo,,155,Uncommon,Near Mint,Normal,0.07,,,,,2,,https://tcgplayer-cdn.tcgplayer.com/product/661958_in_200x200.jpg
661956,8990806,Magic: The Gathering,Avatar: The Last Airbender,Sold Out,,119,Common,Near Mint,Normal,0.09,,,,,4,,https://tcgplayer-cdn.tcgplayer.com/product/661956_in_200x200.jpg
661951,8990565,Magic: The Gathering,Avatar: The Last Airbender,Firebender Ascension,,137,Rare,Near Mint,Normal,0.71,,,,,1,,https://tcgplayer-cdn.tcgplayer.com/product/661951_in_200x200.jpg
661927,8989814,Magic: The Gathering,Avatar: The Last Airbender,The Spirit Oasis,,72,Uncommon,Near Mint,Normal,0.28,,,,,1,,https://tcgplayer-cdn.tcgplayer.com/product/661927_in_200x200.jpg
661887,8989101,Magic: The Gathering,Avatar: The Last Airbender,Price of Freedom,,149,Uncommon,Near Mint,Normal,0.52,,,,,1,,https://tcgplayer-cdn.tcgplayer.com/product/661887_in_200x200.jpg
661886,8989041,Magic: The Gathering,Avatar: The Last Airbender,Jet's Brainwashing,,143,Uncommon,Near Mint,Normal,0.15,,,,,1,,https://tcgplayer-cdn.tcgplayer.com/product/661886_in_200x200.jpg
661803,8988256,Magic: The Gathering,Avatar: The Last Airbender,Deadly Precision,,95,Common,Near Mint,Normal,0.14,,,,,3,,https://tcgplayer-cdn.tcgplayer.com/product/661803_in_200x200.jpg
660746,8982429,Magic: The Gathering,Avatar: The Last Airbender,True Ancestry,,199,Uncommon,Near Mint,Normal,0.20,,,,,1,,https://tcgplayer-cdn.tcgplayer.com/product/660746_in_200x200.jpg
660743,8982358,Magic: The Gathering,Avatar: The Last Airbender,Foggy Swamp Spirit Keeper,,222,Uncommon,Near Mint,Normal,0.15,,,,,1,,https://tcgplayer-cdn.tcgplayer.com/product/660743_in_200x200.jpg
660718,8981907,Magic: The Gathering,Avatar: The Last Airbender,Tundra Tank,,121,Uncommon,Near Mint,Normal,0.17,,,,,1,,https://tcgplayer-cdn.tcgplayer.com/product/660718_in_200x200.jpg
660713,8981662,Magic: The Gathering,Avatar: The Last Airbender,Glider Staff,,22,Uncommon,Near Mint,Normal,0.22,,,,,2,,https://tcgplayer-cdn.tcgplayer.com/product/660713_in_200x200.jpg
660618,8980252,Magic: The Gathering,Avatar: The Last Airbender,Diligent Zookeeper,,171,Rare,Near Mint,Normal,0.22,,,,,1,,https://tcgplayer-cdn.tcgplayer.com/product/660618_in_200x200.jpg
660573,8977652,Magic: The Gathering,Avatar: The Last Airbender,Invasion Tactics,,183,Uncommon,Near Mint,Normal,0.13,,,,,1,,https://tcgplayer-cdn.tcgplayer.com/product/660573_in_200x200.jpg
660572,8977592,Magic: The Gathering,Avatar: The Last Airbender,Cycle of Renewal,,170,Common,Near Mint,Normal,0.29,,,,,3,,https://tcgplayer-cdn.tcgplayer.com/product/660572_in_200x200.jpg
660569,8977412,Magic: The Gathering,Avatar: The Last Airbender,Allies at Last,,164,Uncommon,Near Mint,Normal,0.16,,,,,1,,https://tcgplayer-cdn.tcgplayer.com/product/660569_in_200x200.jpg
660556,8976767,Magic: The Gathering,Avatar: The Last Airbender,Solstice Revelations,,153,Uncommon,Near Mint,Normal,0.20,,,,,1,,https://tcgplayer-cdn.tcgplayer.com/product/660556_in_200x200.jpg
660543,8976341,Magic: The Gathering,Avatar: The Last Airbender,Cunning Maneuver,,130,Common,Near Mint,Normal,0.10,,,,,3,,https://tcgplayer-cdn.tcgplayer.com/product/660543_in_200x200.jpg
660542,8976281,Magic: The Gathering,Avatar: The Last Airbender,Crescent Island Temple,,129,Uncommon,Near Mint,Normal,0.27,,,,,1,,https://tcgplayer-cdn.tcgplayer.com/product/660542_in_200x200.jpg
660531,8975626,Magic: The Gathering,Avatar: The Last Airbender,Trusty Boomerang,,260,Uncommon,Near Mint,Foil,0.25,,,,,2,,https://tcgplayer-cdn.tcgplayer.com/product/660531_in_200x200.jpg
660523,8975181,Magic: The Gathering,Avatar: The Last Airbender,Boiling Rock Rioter,,87,Rare,Near Mint,Normal,0.19,,,,,1,,https://tcgplayer-cdn.tcgplayer.com/product/660523_in_200x200.jpg
660509,8974459,Magic: The Gathering,Avatar: The Last Airbender,North Pole Patrol,,65,Uncommon,Near Mint,Normal,0.21,,,,,1,,https://tcgplayer-cdn.tcgplayer.com/product/660509_in_200x200.jpg
660503,8974217,Magic: The Gathering,Avatar: The Last Airbender,Gran-Gran,,54,Uncommon,Near Mint,Normal,0.25,,,,,2,,https://tcgplayer-cdn.tcgplayer.com/product/660503_in_200x200.jpg
660498,8973982,Magic: The Gathering,Avatar: The Last Airbender,Yip Yip!,,43,Common,Near Mint,Normal,0.11,,,,,4,,https://tcgplayer-cdn.tcgplayer.com/product/660498_in_200x200.jpg
660497,8973922,Magic: The Gathering,Avatar: The Last Airbender,Water Tribe Rallier,,42,Uncommon,Near Mint,Normal,0.15,,,,,1,,https://tcgplayer-cdn.tcgplayer.com/product/660497_in_200x200.jpg
660494,8973792,Magic: The Gathering,Avatar: The Last Airbender,Sozin's Comet,,154,Mythic,Near Mint,Normal,3.09,,,,,1,,https://tcgplayer-cdn.tcgplayer.com/product/660494_in_200x200.jpg
649601,8894167,Magic: The Gathering,Avatar: The Last Airbender,Ostrich-Horse,,188,Common,Near Mint,Normal,0.10,,,,,3,,https://tcgplayer-cdn.tcgplayer.com/product/649601_in_200x200.jpg
649571,8893597,Magic: The Gathering,Avatar: The Last Airbender,Yuyan Archers,,161,Common,Near Mint,Normal,0.15,,,,,1,,https://tcgplayer-cdn.tcgplayer.com/product/649571_in_200x200.jpg
649565,8893277,Magic: The Gathering,Avatar: The Last Airbender,How to Start a Riot,,140,Common,Near Mint,Normal,0.17,,,,,3,,https://tcgplayer-cdn.tcgplayer.com/product/649565_in_200x200.jpg
649562,8893117,Magic: The Gathering,Avatar: The Last Airbender,Deserter's Disciple,,131,Common,Near Mint,Normal,0.11,,,,,4,,https://tcgplayer-cdn.tcgplayer.com/product/649562_in_200x200.jpg
649499,8892491,Magic: The Gathering,Avatar: The Last Airbender,Fire Nation Engineer,,99,Uncommon,Near Mint,Normal,0.11,,,,,1,,https://tcgplayer-cdn.tcgplayer.com/product/649499_in_200x200.jpg
649419,8891927,Magic: The Gathering,Avatar: The Last Airbender,Buzzard-Wasp Colony,,88,Uncommon,Near Mint,Normal,0.11,,,,,1,,https://tcgplayer-cdn.tcgplayer.com/product/649419_in_200x200.jpg
649418,8891872,Magic: The Gathering,Avatar: The Last Airbender,Azula Always Lies,,84,Common,Near Mint,Foil,0.22,,,,,1,,https://tcgplayer-cdn.tcgplayer.com/product/649418_in_200x200.jpg
649414,8891745,Magic: The Gathering,Avatar: The Last Airbender,Pretending Poxbearers,,237,Common,Near Mint,Normal,0.08,,,,,4,,https://tcgplayer-cdn.tcgplayer.com/product/649414_in_200x200.jpg
649405,8891383,Magic: The Gathering,Avatar: The Last Airbender,Epic Downfall,,96,Uncommon,Near Mint,Normal,0.14,,,,,1,,https://tcgplayer-cdn.tcgplayer.com/product/649405_in_200x200.jpg
649402,8891203,Magic: The Gathering,Avatar: The Last Airbender,Cat-Gator,,91,Uncommon,Near Mint,Normal,0.17,,,,,1,,https://tcgplayer-cdn.tcgplayer.com/product/649402_in_200x200.jpg
649389,8890817,Magic: The Gathering,Avatar: The Last Airbender,"Sokka, Lateral Strategist",,241,Uncommon,Near Mint,Normal,0.12,,,,,1,,https://tcgplayer-cdn.tcgplayer.com/product/649389_in_200x200.jpg
649386,8890637,Magic: The Gathering,Avatar: The Last Airbender,Giant Koi,,53,Common,Near Mint,Normal,0.12,,,,,2,,https://tcgplayer-cdn.tcgplayer.com/product/649386_in_200x200.jpg
649377,8890212,Magic: The Gathering,Avatar: The Last Airbender,Serpent of the Pass,,70,Uncommon,Near Mint,Normal,0.11,,,,,1,,https://tcgplayer-cdn.tcgplayer.com/product/649377_in_200x200.jpg
649370,8889867,Magic: The Gathering,Avatar: The Last Airbender,Geyser Leaper,,52,Common,Near Mint,Foil,0.20,,,,,1,,https://tcgplayer-cdn.tcgplayer.com/product/649370_in_200x200.jpg
649370,8889862,Magic: The Gathering,Avatar: The Last Airbender,Geyser Leaper,,52,Common,Near Mint,Normal,0.09,,,,,4,,https://tcgplayer-cdn.tcgplayer.com/product/649370_in_200x200.jpg
649368,8889747,Magic: The Gathering,Avatar: The Last Airbender,Barrels of Blasting Jelly,,254,Common,Near Mint,Foil,0.31,,,,,2,,https://tcgplayer-cdn.tcgplayer.com/product/649368_in_200x200.jpg
648730,8883585,Magic: The Gathering,Avatar: The Last Airbender,Aang's Journey,,1,Common,Near Mint,Normal,0.21,,,,,3,,https://tcgplayer-cdn.tcgplayer.com/product/648730_in_200x200.jpg
648709,8883130,Magic: The Gathering,Avatar: The Last Airbender,Redirect Lightning,,151,Rare,Near Mint,Normal,10.96,,,,,1,,https://tcgplayer-cdn.tcgplayer.com/product/648709_in_200x200.jpg
648651,8881940,Magic: The Gathering,Avatar: The Last Airbender,Avatar Enthusiasts,,11,Common,Near Mint,Normal,0.19,,,,,3,,https://tcgplayer-cdn.tcgplayer.com/product/648651_in_200x200.jpg
648642,8881801,Magic: The Gathering,Avatar: The Last Airbender,Aang's Iceberg,,5,Rare,Near Mint,Normal,0.36,,,,,1,,https://tcgplayer-cdn.tcgplayer.com/product/648642_in_200x200.jpg
